game,installations,rating,reviews,in_app_purchases_min,in_app_purchases_max,game1,installations1,rating1,reviews1,in_app_purchases_min1,in_app_purchases_max1,game2,installations2,rating2,reviews2,in_app_purchases_min2,in_app_purchases_max2,game3,installations3,rating3,reviews3,in_app_purchases_min3,in_app_purchases_max3,game_game,game_fin,installations_fin,rating_fin,reviews_fin,in_app_purchases_min_fin,in_app_purchases_max_fin,game4,installations4,rating4,reviews4,in_app_purchases_min4,in_app_purchases_max4
Jetpack Joyride,100000000,4.3595576,8894.0,0.79,99.99,Jetpack Joyride,100000000.0,4.3595576,8894.0,0.79,99.99,Jetpack Joyride,100000000.0,4.3595576,8894.0,0.79,99.99,Jetpack Joyride,100000000.0,4.3595576,8894.0,0.79,99.99,Jetpack Joyride,Jetpack Joyride,100000000,4,8894,0.79,99.99,Jetpack Joyride,100000000.0,4.3595576,8894.0,0.79,99.99
0,None,0.0,0.0,0.0,0.0,Run & Gun: BANDITOS,1000000.0,3.7826087,10.0,0.99,13.99,Run & Gun: BANDITOS,1000000.0,3.7826087,10.0,0.99,13.99,0,,0.0,0.0,0.0,0.0,[],Run & Gun: BANDITOS,1000000.0,3,10,0.99,13.99,Run & Gun: BANDITOS,1000000.0,3.7826087,10.0,0.99,13.99
0,None,0.0,0.0,0.0,0.0,Angry Birds 2,100000000.0,4.2270517,11257.0,0.99,109.99,Angry Birds 2,100000000.0,4.2270517,11257.0,0.99,109.99,0,,0.0,0.0,0.0,0.0,[],Angry Birds 2,100000000.0,4,11257,0.99,109.99,0,,0.0,0.0,0.0,0.0
0,None,0.0,0.0,0.0,0.0,0,,0.0,0.0,0.0,0.0,0,,0.0,0.0,0.0,0.0,Where's My Water? 2,100000000.0,4.266892,3242.0,1.09,18.99,[],Where's My Water? 2,0,4,3242,1.09,18.99,0,,0.0,0.0,0.0,0.0
0,None,0.0,0.0,0.0,0.0,0,,0.0,0.0,0.0,0.0,0,,0.0,0.0,0.0,0.0,Dumb Ways to Die,50000000.0,3.8450294,1670.0,0.89,32.99,[],Dumb Ways to Die,0,3,1670,0.89,32.99,0,,0.0,0.0,0.0,0.0
0,None,0.0,0.0,0.0,0.0,0,,0.0,0.0,0.0,0.0,Cut the Rope 2,100000000.0,4.455187,2454.0,0.89,44.49,Cut the Rope 2,100000000.0,4.455187,2454.0,0.89,44.49,[],Cut the Rope 2,0,4,2454,0.89,44.49,Cut the Rope 2,100000000.0,4.455187,2454.0,0.89,44.49
0,None,0.0,0.0,0.0,0.0,0,,0.0,0.0,0.0,0.0,Cut the Rope: Experiments,50000000.0,4.1963634,623.0,0.86,29.99,0,,0.0,0.0,0.0,0.0,[],Cut the Rope: Experiments,0,4,623,0.86,29.99,0,,0.0,0.0,0.0,0.0
0,None,0.0,0.0,0.0,0.0,Monster Dash,10000000.0,4.181818,568.0,0.99,22.99,Monster Dash,10000000.0,4.181818,568.0,0.99,22.99,0,,0.0,0.0,0.0,0.0,[],Monster Dash,10000000.0,4,568,0.99,22.99,Monster Dash,10000000.0,4.181818,568.0,0.99,22.99
0,None,0.0,0.0,0.0,0.0,0,,0.0,0.0,0.0,0.0,0,,0.0,0.0,0.0,0.0,Ramboat 2- Offline Action Game,5000000.0,4.491803,19.0,4.19,54.99,[],Ramboat 2- Offline Action Game,0,4,19,4.19,54.99,Ramboat 2- Offline Action Game,5000000.0,4.491803,19.0,4.19,54.99
0,None,0.0,0.0,0.0,0.0,0,,0.0,0.0,0.0,0.0,0,,0.0,0.0,0.0,0.0,Flying Gorilla,1000000.0,4.920792,334.0,2.99,0.0,[],Flying Gorilla,0,4,334,2.99,2.99,0,,0.0,0.0,0.0,0.0
Swamp Attack,100000000,4.453358,1187.0,0.99,99.99,Swamp Attack,100000000.0,4.453358,1187.0,0.99,99.99,0,,0.0,0.0,0.0,0.0,0,,0.0,0.0,0.0,0.0,Swamp Attack,Swamp Attack,100000000,4,1187,0.99,99.99,Swamp Attack,100000000.0,4.453358,1187.0,0.99,99.99
Cut the Rope,100000000,4.357045,4875.0,0.5,130.83,0,,0.0,0.0,0.0,0.0,0,,0.0,0.0,0.0,0.0,0,,0.0,0.0,0.0,0.0,Cut the Rope,Cut the Rope,100000000,4,4875,0.5,130.83,0,,0.0,0.0,0.0,0.0
Q*bert - Classic Arcade Game,1000000,4.34,123.0,3.09,20.99,Q*bert - Classic Arcade Game,1000000.0,4.34,123.0,3.09,20.99,Q*bert - Classic Arcade Game,1000000.0,4.34,123.0,3.09,20.99,Q*bert - Classic Arcade Game,1000000.0,4.34,123.0,3.09,20.99,Q*bert - Classic Arcade Game,Q*bert - Classic Arcade Game,1000000,4,123,3.09,20.99,0,,0.0,0.0,0.0,0.0
Doodle Jump,50000000,4.316198,2118.0,0.99,11.41,Doodle Jump,50000000.0,4.316198,2118.0,0.99,11.41,Doodle Jump,50000000.0,4.316198,2118.0,0.99,11.41,0,,0.0,0.0,0.0,0.0,Doodle Jump,Doodle Jump,50000000,4,2118,0.99,11.41,0,,0.0,0.0,0.0,0.0
0,None,0.0,0.0,0.0,0.0,0,,0.0,0.0,0.0,0.0,Catapult King,10000000.0,4.3359375,380.0,0.59,59.99,Catapult King,10000000.0,4.3359375,380.0,0.59,59.99,[],Catapult King,0,4,380,0.59,59.99,0,,0.0,0.0,0.0,0.0
0,None,0.0,0.0,0.0,0.0,The Simpsons™:  Tapped Out,100000000.0,4.1716332,11021.0,0.99,99.99,The Simpsons™:  Tapped Out,100000000.0,4.1716332,11021.0,0.99,99.99,0,,0.0,0.0,0.0,0.0,[],The Simpsons™:  Tapped Out,100000000.0,4,11021,0.99,99.99,0,,0.0,0.0,0.0,0.0
Food Gang,5000000,3.98,141.0,1.99,99.99,Food Gang,5000000.0,3.98,141.0,1.99,99.99,Food Gang,5000000.0,3.98,141.0,1.99,99.99,0,,0.0,0.0,0.0,0.0,Food Gang,Food Gang,5000000,3,141,1.99,99.99,0,,0.0,0.0,0.0,0.0
Minion Rush: Running Game,500000000,4.240318,16986.0,0.49,99.99,Minion Rush: Running Game,500000000.0,4.240318,16986.0,0.49,99.99,0,,0.0,0.0,0.0,0.0,0,,0.0,0.0,0.0,0.0,Minion Rush: Running Game,Minion Rush: Running Game,500000000,4,16986,0.49,99.99,Minion Rush: Running Game,500000000.0,4.240318,16986.0,0.49,99.99
0,None,0.0,0.0,0.0,0.0,Rail Rush,50000000.0,4.395349,925.0,1.99,79.99,0,,0.0,0.0,0.0,0.0,0,,0.0,0.0,0.0,0.0,[],Rail Rush,50000000.0,4,925,1.99,79.99,Rail Rush,50000000.0,4.395349,925.0,1.99,79.99
0,None,0.0,0.0,0.0,0.0,0,,0.0,0.0,0.0,0.0,0,,0.0,0.0,0.0,0.0,Burrito Bison: Launcha Libre,10000000.0,4.75625,1208.0,1.09,32.99,[],Burrito Bison: Launcha Libre,0,4,1208,1.09,32.99,Burrito Bison: Launcha Libre,10000000.0,4.75625,1208.0,1.09,32.99
0,None,0.0,0.0,0.0,0.0,0,,0.0,0.0,0.0,0.0,0,,0.0,0.0,0.0,0.0,0,,0.0,0.0,0.0,0.0,[],Pinatamasters,0,0,1262,2.29,109.99,Pinatamasters,10000000.0,3.97166,1262.0,2.29,109.99
Super Jungle Jump,1000000,4.142857,4.0,0.99,104.99,Super Jungle Jump,1000000.0,4.142857,4.0,0.99,104.99,0,,0.0,0.0,0.0,0.0,0,,0.0,0.0,0.0,0.0,Super Jungle Jump,Super Jungle Jump,1000000,4,4,0.99,104.99,Super Jungle Jump,1000000.0,4.142857,4.0,0.99,104.99
0,None,0.0,0.0,0.0,0.0,Golden Axe Classics,1000000.0,4.2619047,14.0,1.99,4.99,0,,0.0,0.0,0.0,0.0,Golden Axe Classics,1000000.0,4.2619047,14.0,1.99,4.99,[],Golden Axe Classics,1000000.0,4,14,1.99,4.99,Golden Axe Classics,1000000.0,4.2619047,14.0,1.99,4.99
Dig Out! Gold Digger Adventure,5000000,4.1960783,108.0,0.99,109.99,0,,0.0,0.0,0.0,0.0,Dig Out! Gold Digger Adventure,5000000.0,4.1960783,108.0,0.99,109.99,Dig Out! Gold Digger Adventure,5000000.0,4.1960783,108.0,0.99,109.99,Dig Out! Gold Digger Adventure,Dig Out! Gold Digger Adventure,5000000,4,108,0.99,109.99,0,,0.0,0.0,0.0,0.0
0,None,0.0,0.0,0.0,0.0,"Agent Dash - Run Fast, Dodge Quick!",10000000.0,4.4661655,547.0,0.99,59.99,"Agent Dash - Run Fast, Dodge Quick!",10000000.0,4.4661655,547.0,0.99,59.99,0,,0.0,0.0,0.0,0.0,[],"Agent Dash - Run Fast, Dodge Quick!",10000000.0,4,547,0.99,59.99,"Agent Dash - Run Fast, Dodge Quick!",10000000.0,4.4661655,547.0,0.99,59.99
Magic Brick Wars - Epic Card Battles,500000,3.2564104,16.0,0.99,99.99,Magic Brick Wars - Epic Card Battles,500000.0,3.2564104,16.0,0.99,99.99,Magic Brick Wars - Epic Card Battles,500000.0,3.2564104,16.0,0.99,99.99,Magic Brick Wars - Epic Card Battles,500000.0,3.2564104,16.0,0.99,99.99,Magic Brick Wars - Epic Card Battles,Magic Brick Wars - Epic Card Battles,500000,3,16,0.99,99.99,Magic Brick Wars - Epic Card Battles,500000.0,3.2564104,16.0,0.99,99.99
0,None,0.0,0.0,0.0,0.0,0,,0.0,0.0,0.0,0.0,0,,0.0,0.0,0.0,0.0,0,,0.0,0.0,0.0,0.0,[],Lemmings,0,0,1303,0.89,89.99,Lemmings,5000000.0,4.2617645,1303.0,0.89,89.99
Stack,50000000,3.5273972,1425.0,2.0,0.0,0,,0.0,0.0,0.0,0.0,Stack,50000000.0,3.5273972,1425.0,2.0,0.0,0,,0.0,0.0,0.0,0.0,Stack,Stack,50000000,3,1425,2.0,2.0,0,,0.0,0.0,0.0,0.0
One Gun: Stickman,5000000,4.35,133.0,0.59,29.99,One Gun: Stickman,5000000.0,4.35,133.0,0.59,29.99,One Gun: Stickman,5000000.0,4.35,133.0,0.59,29.99,One Gun: Stickman,5000000.0,4.35,133.0,0.59,29.99,One Gun: Stickman,One Gun: Stickman,5000000,4,133,0.59,29.99,0,,0.0,0.0,0.0,0.0
Sonic Dash - Endless Running,100000000,4.542338,6895.0,0.99,99.99,Sonic Dash - Endless Running,100000000.0,4.5417314,6894.0,0.99,99.99,0,,0.0,0.0,0.0,0.0,0,,0.0,0.0,0.0,0.0,Sonic Dash - Endless Running,Sonic Dash - Endless Running,100000000,4,6895,0.99,99.99,0,,0.0,0.0,0.0,0.0
0,None,0.0,0.0,0.0,0.0,0,,0.0,0.0,0.0,0.0,0,,0.0,0.0,0.0,0.0,0,,0.0,0.0,0.0,0.0,[],Crossy Road,0,0,18999,0.69,30.99,Crossy Road,100000000.0,4.4107823,18999.0,0.69,30.99
ZigZag,50000000,3.964048,2272.0,1.99,0.0,ZigZag,50000000.0,3.964048,2272.0,1.99,0.0,0,,0.0,0.0,0.0,0.0,ZigZag,50000000.0,3.964048,2272.0,1.99,0.0,ZigZag,ZigZag,50000000,3,2272,1.99,1.99,ZigZag,50000000.0,3.964048,2272.0,1.99,0.0
0,None,0.0,0.0,0.0,0.0,Tap Tap Dash,50000000.0,4.0612245,1856.0,0.99,4.99,0,,0.0,0.0,0.0,0.0,Tap Tap Dash,50000000.0,4.0612245,1856.0,0.99,4.99,[],Tap Tap Dash,50000000.0,4,1856,0.99,4.99,Tap Tap Dash,50000000.0,4.0612245,1856.0,0.99,4.99
0,None,0.0,0.0,0.0,0.0,Metal Soldiers 2,50000000.0,4.21,148.0,0.59,24.99,0,,0.0,0.0,0.0,0.0,0,,0.0,0.0,0.0,0.0,[],Metal Soldiers 2,50000000.0,4,148,0.59,24.99,Metal Soldiers 2,50000000.0,4.21,148.0,0.59,24.99
Ski Safari 2,10000000,4.43,204.0,0.89,8.99,Ski Safari 2,10000000.0,4.43,204.0,0.89,8.99,Ski Safari 2,10000000.0,4.43,204.0,0.89,8.99,Ski Safari 2,10000000.0,4.43,204.0,0.89,8.99,Ski Safari 2,Ski Safari 2,10000000,4,204,0.89,8.99,0,,0.0,0.0,0.0,0.0
0,None,0.0,0.0,0.0,0.0,0,,0.0,0.0,0.0,0.0,0,,0.0,0.0,0.0,0.0,0,,0.0,0.0,0.0,0.0,[],0,0,0,0,0.0,0.0,0,,0.0,0.0,0.0,0.0
Tower Conquest: Tower Defense,10000000,4.267327,192.0,2.09,219.99,Tower Conquest: Tower Defense,10000000.0,4.267327,192.0,2.09,219.99,0,,0.0,0.0,0.0,0.0,0,,0.0,0.0,0.0,0.0,Tower Conquest: Tower Defense,Tower Conquest: Tower Defense,10000000,4,192,2.09,219.99,Tower Conquest: Tower Defense,10000000.0,4.267327,192.0,2.09,219.99
0,None,0.0,0.0,0.0,0.0,0,,0.0,0.0,0.0,0.0,Ramboat - Offline Action Game,10000000.0,4.38,112.0,2.49,59.99,0,,0.0,0.0,0.0,0.0,[],Ramboat - Offline Action Game,0,4,112,2.49,59.99,Ramboat - Offline Action Game,10000000.0,4.38,112.0,2.49,59.99
Bloody Harry,5000000,4.579861,1144.0,0.95,5.3,0,,0.0,0.0,0.0,0.0,0,,0.0,0.0,0.0,0.0,0,,0.0,0.0,0.0,0.0,Bloody Harry,Bloody Harry,5000000,4,1144,0.95,5.3,0,,0.0,0.0,0.0,0.0
Cut the Rope: Time Travel,50000000,4.559033,2477.0,0.88,29.99,0,,0.0,0.0,0.0,0.0,0,,0.0,0.0,0.0,0.0,Cut the Rope: Time Travel,50000000.0,4.559033,2477.0,0.88,29.99,Cut the Rope: Time Travel,Cut the Rope: Time Travel,50000000,4,2477,0.88,29.99,0,,0.0,0.0,0.0,0.0
Hotel Transylvania Adventures,10000000,4.31,281.0,1.69,54.99,0,,0.0,0.0,0.0,0.0,Hotel Transylvania Adventures,10000000.0,4.31,281.0,1.69,54.99,0,,0.0,0.0,0.0,0.0,Hotel Transylvania Adventures,Hotel Transylvania Adventures,10000000,4,281,1.69,54.99,0,,0.0,0.0,0.0,0.0
0,None,0.0,0.0,0.0,0.0,Slash & Girl - Endless Run,5000000.0,4.28,48.0,0.99,249.99,Slash & Girl - Endless Run,5000000.0,4.28,48.0,0.99,249.99,Slash & Girl - Endless Run,5000000.0,4.28,48.0,0.99,249.99,[],Slash & Girl - Endless Run,5000000.0,4,48,0.99,249.99,Slash & Girl - Endless Run,5000000.0,4.28,48.0,0.99,249.99
Badland Brawl,10000000,4.15,245.0,1.09,104.99,0,,0.0,0.0,0.0,0.0,0,,0.0,0.0,0.0,0.0,0,,0.0,0.0,0.0,0.0,Badland Brawl,Badland Brawl,10000000,4,245,1.09,104.99,0,,0.0,0.0,0.0,0.0
Leap Day,1000000,3.772277,214.0,1.09,54.99,0,,0.0,0.0,0.0,0.0,0,,0.0,0.0,0.0,0.0,0,,0.0,0.0,0.0,0.0,Leap Day,Leap Day,1000000,3,214,1.09,54.99,0,,0.0,0.0,0.0,0.0
0,None,0.0,0.0,0.0,0.0,0,,0.0,0.0,0.0,0.0,0,,0.0,0.0,0.0,0.0,0,,0.0,0.0,0.0,0.0,[],0,0,0,0,0.0,0.0,0,,0.0,0.0,0.0,0.0
Ninja Dash Run - Offline Games,10000000,4.23,121.0,1.99,79.99,Ninja Dash Run - Offline Games,10000000.0,4.23,121.0,1.99,79.99,0,,0.0,0.0,0.0,0.0,Ninja Dash Run - Offline Games,10000000.0,4.23,121.0,1.99,79.99,Ninja Dash Run - Offline Games,Ninja Dash Run - Offline Games,10000000,4,121,1.99,79.99,Ninja Dash Run - Offline Games,10000000.0,4.23,121.0,1.99,79.99
PAC-MAN,100000000,3.5714285,1201.0,0.99,99.99,PAC-MAN,100000000.0,3.5714285,1201.0,0.99,99.99,0,,0.0,0.0,0.0,0.0,0,,0.0,0.0,0.0,0.0,PAC-MAN,PAC-MAN,100000000,3,1201,0.99,99.99,PAC-MAN,100000000.0,3.5714285,1201.0,0.99,99.99
Fruit Ninja 2 Fun Action Games,10000000,3.77,83.0,0.99,119.99,Fruit Ninja 2 Fun Action Games,10000000.0,3.77,83.0,0.99,119.99,0,,0.0,0.0,0.0,0.0,Fruit Ninja 2 Fun Action Games,10000000.0,3.77,83.0,0.99,119.99,Fruit Ninja 2 Fun Action Games,Fruit Ninja 2 Fun Action Games,10000000,3,83,0.99,119.99,0,,0.0,0.0,0.0,0.0
0,None,0.0,0.0,0.0,0.0,0,,0.0,0.0,0.0,0.0,Jetpack VS. Colors,500000.0,3.75,4.0,1.6,0.0,Jetpack VS. Colors,500000.0,3.75,4.0,1.6,0.0,[],Jetpack VS. Colors,0,3,4,1.6,1.6,0,,0.0,0.0,0.0,0.0
Benji Bananas,50000000,4.3482413,7048.0,0.89,89.99,Benji Bananas,50000000.0,4.3482413,7048.0,0.89,89.99,0,,0.0,0.0,0.0,0.0,0,,0.0,0.0,0.0,0.0,Benji Bananas,Benji Bananas,50000000,4,7048,0.89,89.99,Benji Bananas,50000000.0,4.3482413,7048.0,0.89,89.99
0,None,0.0,0.0,0.0,0.0,Freeze!,5000000.0,3.52,165.0,0.0,0.0,0,,0.0,0.0,0.0,0.0,Freeze!,5000000.0,3.52,165.0,0.0,0.0,[],Freeze!,5000000.0,3,165,0.0,0.0,0,,0.0,0.0,0.0,0.0
Rocky Rampage: Wreck 'em Up,500000,3.7567568,18.0,1.09,64.99,0,,0.0,0.0,0.0,0.0,0,,0.0,0.0,0.0,0.0,0,,0.0,0.0,0.0,0.0,Rocky Rampage: Wreck 'em Up,Rocky Rampage: Wreck 'em Up,500000,3,18,1.09,64.99,0,,0.0,0.0,0.0,0.0
Zombies Ranch. Zombie shooting,1000000,4.0526314,10.0,0.69,42.99,Zombies Ranch. Zombie shooting,1000000.0,4.0526314,10.0,0.69,42.99,Zombies Ranch. Zombie shooting,1000000.0,4.0526314,10.0,0.69,42.99,Zombies Ranch. Zombie shooting,1000000.0,4.0526314,10.0,0.69,42.99,Zombies Ranch. Zombie shooting,Zombies Ranch. Zombie shooting,1000000,4,10,0.69,42.99,Zombies Ranch. Zombie shooting,1000000.0,4.0526314,10.0,0.69,42.99
0,None,0.0,0.0,0.0,0.0,0,,0.0,0.0,0.0,0.0,0,,0.0,0.0,0.0,0.0,0,,0.0,0.0,0.0,0.0,[],0,0,0,0,0.0,0.0,0,,0.0,0.0,0.0,0.0
0,None,0.0,0.0,0.0,0.0,0,,0.0,0.0,0.0,0.0,0,,0.0,0.0,0.0,0.0,Fruit Ninja®,500000000.0,4.1587577,6485.0,1.09,184.99,[],Fruit Ninja®,0,4,6485,1.09,184.99,Fruit Ninja®,500000000.0,4.1587577,6485.0,1.09,184.99
South Park: Phone Destroyer™,10000000,4.4359927,2198.0,0.89,54.99,South Park: Phone Destroyer™,10000000.0,4.4359927,2198.0,0.89,54.99,0,,0.0,0.0,0.0,0.0,South Park: Phone Destroyer™,10000000.0,4.4359927,2198.0,0.89,54.99,South Park: Phone Destroyer™,South Park: Phone Destroyer™,10000000,4,2198,0.89,54.99,South Park: Phone Destroyer™,10000000.0,4.4359927,2198.0,0.89,54.99
0,None,0.0,0.0,0.0,0.0,Lep's World 3,50000000.0,4.455357,1976.0,0.5,99.99,Lep's World 3,50000000.0,4.455357,1976.0,0.5,99.99,Lep's World 3,50000000.0,4.455357,1976.0,0.5,99.99,[],Lep's World 3,50000000.0,4,1976,0.5,99.99,0,,0.0,0.0,0.0,0.0
Lumberwhack: Defend the Wild,1000000,4.0735292,16.0,0.99,109.99,Lumberwhack: Defend the Wild,1000000.0,4.0735292,16.0,0.99,109.99,Lumberwhack: Defend the Wild,1000000.0,4.0735292,16.0,0.99,109.99,0,,0.0,0.0,0.0,0.0,Lumberwhack: Defend the Wild,Lumberwhack: Defend the Wild,1000000,4,16,0.99,109.99,0,,0.0,0.0,0.0,0.0
Magic Touch: Wizard for Hire,10000000,4.05,38.0,1.62,7.57,Magic Touch: Wizard for Hire,10000000.0,4.05,38.0,1.62,7.57,0,,0.0,0.0,0.0,0.0,Magic Touch: Wizard for Hire,10000000.0,4.05,38.0,1.62,7.57,Magic Touch: Wizard for Hire,Magic Touch: Wizard for Hire,10000000,4,38,1.62,7.57,Magic Touch: Wizard for Hire,10000000.0,4.05,38.0,1.62,7.57
Manuganu 2,5000000,4.6,125.0,0.71,0.0,Manuganu 2,5000000.0,4.6,125.0,0.71,0.0,0,,0.0,0.0,0.0,0.0,0,,0.0,0.0,0.0,0.0,Manuganu 2,Manuganu 2,5000000,4,125,0.71,0.71,Manuganu 2,5000000.0,4.6,125.0,0.71,0.0
Rick and Morty: Pocket Mortys,10000000,3.462069,639.0,1.09,104.99,Rick and Morty: Pocket Mortys,10000000.0,3.462069,639.0,1.09,104.99,0,,0.0,0.0,0.0,0.0,Rick and Morty: Pocket Mortys,10000000.0,3.462069,639.0,1.09,104.99,Rick and Morty: Pocket Mortys,Rick and Morty: Pocket Mortys,10000000,3,639,1.09,104.99,Rick and Morty: Pocket Mortys,10000000.0,3.462069,639.0,1.09,104.99
0,None,0.0,0.0,0.0,0.0,0,,0.0,0.0,0.0,0.0,0,,0.0,0.0,0.0,0.0,Geometry Dash World,50000000.0,4.275,1191.0,0.0,0.0,[],Geometry Dash World,0,4,1191,0.0,0.0,0,,0.0,0.0,0.0,0.0
0,None,0.0,0.0,0.0,0.0,0,,0.0,0.0,0.0,0.0,0,,0.0,0.0,0.0,0.0,Give It Up!: Beat Jumper & Tap,5000000.0,3.94,185.0,0.89,3.39,[],Give It Up!: Beat Jumper & Tap,0,3,185,0.89,3.39,Give It Up!: Beat Jumper & Tap,5000000.0,3.94,185.0,0.89,3.39
0,None,0.0,0.0,0.0,0.0,0,,0.0,0.0,0.0,0.0,Okay?,5000000.0,4.6132073,2134.0,1.0,10.0,0,,0.0,0.0,0.0,0.0,[],Okay?,0,4,2134,1.0,10.0,Okay?,5000000.0,4.6132073,2134.0,1.0,10.0
Crash Bandicoot: On the Run!,10000000,4.173611,1131.0,0.99,109.99,0,,0.0,0.0,0.0,0.0,0,,0.0,0.0,0.0,0.0,0,,0.0,0.0,0.0,0.0,Crash Bandicoot: On the Run!,Crash Bandicoot: On the Run!,10000000,4,1131,0.99,109.99,0,,0.0,0.0,0.0,0.0
Flippy Knife,10000000,4.0236793,2647.0,0.99,64.99,Flippy Knife,10000000.0,4.0236793,2647.0,0.99,64.99,Flippy Knife,10000000.0,4.0236793,2647.0,0.99,64.99,Flippy Knife,10000000.0,4.0236793,2647.0,0.99,64.99,Flippy Knife,Flippy Knife,10000000,4,2647,0.99,64.99,Flippy Knife,10000000.0,4.0236793,2647.0,0.99,64.99
Ballz,10000000,3.17,445.0,0.99,2.99,Ballz,10000000.0,3.17,445.0,0.99,2.99,0,,0.0,0.0,0.0,0.0,0,,0.0,0.0,0.0,0.0,Ballz,Ballz,10000000,3,445,0.99,2.99,Ballz,10000000.0,3.17,445.0,0.99,2.99
0,None,0.0,0.0,0.0,0.0,0,,0.0,0.0,0.0,0.0,Fin Ancient Mystery platformer,5000000.0,4.6625,38.0,1.09,15.99,Fin Ancient Mystery platformer,5000000.0,4.6625,38.0,1.09,15.99,[],Fin Ancient Mystery platformer,0,4,38,1.09,15.99,0,,0.0,0.0,0.0,0.0
Magic Rampage,10000000,4.48,205.0,1.9,21.9,Magic Rampage,10000000.0,4.48,205.0,1.9,21.9,Magic Rampage,10000000.0,4.48,205.0,1.9,21.9,Magic Rampage,10000000.0,4.48,205.0,1.9,21.9,Magic Rampage,Magic Rampage,10000000,4,205,1.9,21.9,0,,0.0,0.0,0.0,0.0
Dumb Ways to Die 2: The Games,100000000,4.2824483,3308.0,0.81,4.4,Dumb Ways to Die 2: The Games,100000000.0,4.2824483,3308.0,0.81,4.4,0,,0.0,0.0,0.0,0.0,0,,0.0,0.0,0.0,0.0,Dumb Ways to Die 2: The Games,Dumb Ways to Die 2: The Games,100000000,4,3308,0.81,4.4,Dumb Ways to Die 2: The Games,100000000.0,4.2824483,3308.0,0.81,4.4
Age of Apes,1000000,4.5,217.0,1.19,114.99,Age of Apes,1000000.0,4.5,217.0,1.19,114.99,Age of Apes,1000000.0,4.504673,217.0,1.19,114.99,0,,0.0,0.0,0.0,0.0,Age of Apes,Age of Apes,1000000,4,217,1.19,114.99,Age of Apes,1000000.0,4.504673,217.0,1.19,114.99
0,None,0.0,0.0,0.0,0.0,Trials Frontier,10000000.0,4.172131,1210.0,0.49,109.99,0,,0.0,0.0,0.0,0.0,Trials Frontier,10000000.0,4.172131,1210.0,0.49,109.99,[],Trials Frontier,10000000.0,4,1210,0.49,109.99,0,,0.0,0.0,0.0,0.0
Prince of Persia : Escape,5000000,4.1485147,222.0,3.49,0.0,0,,0.0,0.0,0.0,0.0,0,,0.0,0.0,0.0,0.0,0,,0.0,0.0,0.0,0.0,Prince of Persia : Escape,Prince of Persia : Escape,5000000,4,222,3.49,3.49,0,,0.0,0.0,0.0,0.0
0,None,0.0,0.0,0.0,0.0,Boulder Dash® 30th Anniversary,100000.0,4.3,41.0,0.73,109.99,Boulder Dash® 30th Anniversary,100000.0,4.3,41.0,0.73,109.99,Boulder Dash® 30th Anniversary,100000.0,4.3,41.0,0.73,109.99,[],Boulder Dash® 30th Anniversary,100000.0,4,41,0.73,109.99,0,,0.0,0.0,0.0,0.0
Hyperforma,1000000,4.64,56.0,0.69,4.99,Hyperforma,1000000.0,4.64,56.0,0.69,4.99,Hyperforma,1000000.0,4.64,56.0,0.69,4.99,0,,0.0,0.0,0.0,0.0,Hyperforma,Hyperforma,1000000,4,56,0.69,4.99,Hyperforma,1000000.0,4.64,56.0,0.69,4.99
Ice Age Adventures,50000000,4.0146523,1486.0,0.99,99.99,0,,0.0,0.0,0.0,0.0,Ice Age Adventures,50000000.0,4.0146523,1486.0,0.99,99.99,0,,0.0,0.0,0.0,0.0,Ice Age Adventures,Ice Age Adventures,50000000,4,1486,0.99,99.99,Ice Age Adventures,50000000.0,4.0146523,1486.0,0.99,99.99
Shadow of Death: Dark Knight,10000000,4.6923075,308.0,0.99,99.99,Shadow of Death: Dark Knight,10000000.0,4.6923075,308.0,0.99,99.99,0,,0.0,0.0,0.0,0.0,0,,0.0,0.0,0.0,0.0,Shadow of Death: Dark Knight,Shadow of Death: Dark Knight,10000000,4,308,0.99,99.99,0,,0.0,0.0,0.0,0.0
Om Nom: Run,10000000,3.950495,90.0,0.99,29.99,Om Nom: Run,10000000.0,3.950495,90.0,0.99,29.99,Om Nom: Run,10000000.0,3.950495,90.0,0.99,29.99,0,,0.0,0.0,0.0,0.0,Om Nom: Run,Om Nom: Run,10000000,3,90,0.99,29.99,0,,0.0,0.0,0.0,0.0
Rayman Adventures,10000000,4.095238,1886.0,1.09,109.99,Rayman Adventures,10000000.0,4.095238,1886.0,1.09,109.99,0,,0.0,0.0,0.0,0.0,Rayman Adventures,10000000.0,4.095238,1886.0,1.09,109.99,Rayman Adventures,Rayman Adventures,10000000,4,1886,1.09,109.99,Rayman Adventures,10000000.0,4.095238,1886.0,1.09,109.99
Color Switch - Official,10000000,4.1977777,2126.0,1.09,8.49,Color Switch - Official,10000000.0,4.1977777,2126.0,1.09,8.49,0,,0.0,0.0,0.0,0.0,Color Switch - Official,10000000.0,4.1977777,2126.0,1.09,8.49,Color Switch - Official,Color Switch - Official,10000000,4,2126,1.09,8.49,0,,0.0,0.0,0.0,0.0
Catapult Quest,10000000,4.14,261.0,2.99,99.99,Catapult Quest,10000000.0,4.14,261.0,2.99,99.99,Catapult Quest,10000000.0,4.14,261.0,2.99,99.99,0,,0.0,0.0,0.0,0.0,Catapult Quest,Catapult Quest,10000000,4,261,2.99,99.99,Catapult Quest,10000000.0,4.14,261.0,2.99,99.99
0,None,0.0,0.0,0.0,0.0,Banana Kong,100000000.0,4.4959807,3483.0,0.89,26.99,Banana Kong,100000000.0,4.4959807,3483.0,0.89,26.99,0,,0.0,0.0,0.0,0.0,[],Banana Kong,100000000.0,4,3483,0.89,26.99,0,,0.0,0.0,0.0,0.0
0,None,0.0,0.0,0.0,0.0,Pineapple Pen,10000000.0,3.954717,1289.0,0.99,1.99,Pineapple Pen,10000000.0,3.954717,1289.0,0.99,1.99,0,,0.0,0.0,0.0,0.0,[],Pineapple Pen,10000000.0,3,1289,0.99,1.99,0,,0.0,0.0,0.0,0.0
Peggle Blast,10000000,3.2877698,349.0,0.99,99.99,0,,0.0,0.0,0.0,0.0,0,,0.0,0.0,0.0,0.0,0,,0.0,0.0,0.0,0.0,Peggle Blast,Peggle Blast,10000000,3,349,0.99,99.99,Peggle Blast,10000000.0,3.2877698,349.0,0.99,99.99
0,None,0.0,0.0,0.0,0.0,Sonic Forces - Running Battle,50000000.0,4.326425,1737.0,0.99,149.99,Sonic Forces - Running Battle,50000000.0,4.326425,1737.0,0.99,149.99,0,,0.0,0.0,0.0,0.0,[],Sonic Forces - Running Battle,50000000.0,4,1737,0.99,149.99,Sonic Forces - Running Battle,50000000.0,4.326425,1737.0,0.99,149.99
0,None,0.0,0.0,0.0,0.0,0,,0.0,0.0,0.0,0.0,Run Sausage Run!,100000000.0,3.8674033,911.0,0.8,8.0,0,,0.0,0.0,0.0,0.0,[],Run Sausage Run!,0,3,911,0.8,8.0,Run Sausage Run!,100000000.0,3.8674033,911.0,0.8,8.0
Tank 1990: Stars Battle Defense War Ace Hero,5000000,4.3333335,13.0,0.59,49.99,0,,0.0,0.0,0.0,0.0,Tank 1990: Stars Battle Defense War Ace Hero,5000000.0,4.3333335,13.0,0.59,49.99,Tank 1990: Stars Battle Defense War Ace Hero,5000000.0,4.3333335,13.0,0.59,49.99,Tank 1990: Stars Battle Defense War Ace Hero,Tank 1990: Stars Battle Defense War Ace Hero,5000000,4,13,0.59,49.99,Tank 1990: Stars Battle Defense War Ace Hero,5000000.0,4.3333335,13.0,0.59,49.99
0,None,0.0,0.0,0.0,0.0,0,,0.0,0.0,0.0,0.0,0,,0.0,0.0,0.0,0.0,0,,0.0,0.0,0.0,0.0,[],0,0,0,0,0.0,0.0,0,,0.0,0.0,0.0,0.0
Best Fiends - Match 3 Puzzles,50000000,4.5510564,3894.0,0.99,99.99,0,,0.0,0.0,0.0,0.0,Best Fiends - Match 3 Puzzles,50000000.0,4.5510564,3894.0,0.99,99.99,0,,0.0,0.0,0.0,0.0,Best Fiends - Match 3 Puzzles,Best Fiends - Match 3 Puzzles,50000000,4,3894,0.99,99.99,0,,0.0,0.0,0.0,0.0
0,None,0.0,0.0,0.0,0.0,0,,0.0,0.0,0.0,0.0,Infinity Loop: Calm & Relaxing,10000000.0,4.4958677,1117.0,0.85,23.99,Infinity Loop: Calm & Relaxing,10000000.0,4.4958677,1117.0,0.85,23.99,[],Infinity Loop: Calm & Relaxing,0,4,1117,0.85,23.99,0,,0.0,0.0,0.0,0.0
0,None,0.0,0.0,0.0,0.0,0,,0.0,0.0,0.0,0.0,Time Surfer,500000.0,4.233333,22.0,0.5,7.76,0,,0.0,0.0,0.0,0.0,[],Time Surfer,0,4,22,0.5,7.76,0,,0.0,0.0,0.0,0.0
0,None,0.0,0.0,0.0,0.0,Geometry Dash Meltdown,50000000.0,4.420677,2462.0,0.0,0.0,0,,0.0,0.0,0.0,0.0,0,,0.0,0.0,0.0,0.0,[],Geometry Dash Meltdown,50000000.0,4,2462,0.0,0.0,0,,0.0,0.0,0.0,0.0
0,None,0.0,0.0,0.0,0.0,Inside Out Thought Bubbles,10000000.0,4.141104,530.0,1.05,106.27,0,,0.0,0.0,0.0,0.0,0,,0.0,0.0,0.0,0.0,[],Inside Out Thought Bubbles,10000000.0,4,530,1.05,106.27,0,,0.0,0.0,0.0,0.0
0,None,0.0,0.0,0.0,0.0,0,,0.0,0.0,0.0,0.0,0,,0.0,0.0,0.0,0.0,BADLAND,10000000.0,4.3420076,1037.0,0.99,3.99,[],BADLAND,0,4,1037,0.99,3.99,0,,0.0,0.0,0.0,0.0
0,None,0.0,0.0,0.0,0.0,0,,0.0,0.0,0.0,0.0,Phantom of Opera,500000.0,4.7272725,9.0,0.89,27.99,Phantom of Opera,500000.0,4.7272725,9.0,0.89,27.99,[],Phantom of Opera,0,4,9,0.89,27.99,Phantom of Opera,500000.0,4.7272725,9.0,0.89,27.99
0,None,0.0,0.0,0.0,0.0,0,,0.0,0.0,0.0,0.0,0,,0.0,0.0,0.0,0.0,0,,0.0,0.0,0.0,0.0,[],0,0,0,0,0.0,0.0,0,,0.0,0.0,0.0,0.0
0,None,0.0,0.0,0.0,0.0,0,,0.0,0.0,0.0,0.0,Soul Knight,50000000.0,4.416185,783.0,0.99,4.89,Soul Knight,50000000.0,4.416185,783.0,0.99,4.89,[],Soul Knight,0,4,783,0.99,4.89,0,,0.0,0.0,0.0,0.0
Clusterduck,1000000,4.4158416,143.0,0.99,2.09,Clusterduck,1000000.0,4.4158416,143.0,0.99,2.09,Clusterduck,1000000.0,4.4158416,143.0,0.99,2.09,0,,0.0,0.0,0.0,0.0,Clusterduck,Clusterduck,1000000,4,143,0.99,2.09,Clusterduck,1000000.0,4.4158416,143.0,0.99,2.09
0,None,0.0,0.0,0.0,0.0,0,,0.0,0.0,0.0,0.0,Poweramp Full Version Unlocker,5000000.0,4.12,428.0,0.0,0.0,Poweramp Full Version Unlocker,5000000.0,4.12,428.0,0.0,0.0,[],Poweramp Full Version Unlocker,0,4,428,0.0,0.0,Poweramp Full Version Unlocker,5000000.0,4.12,428.0,0.0,0.0
Troll Face Quest: TV Shows,10000000,4.49,393.0,2.39,3.59,0,,0.0,0.0,0.0,0.0,Troll Face Quest: TV Shows,10000000.0,4.49,393.0,2.39,3.59,0,,0.0,0.0,0.0,0.0,Troll Face Quest: TV Shows,Troll Face Quest: TV Shows,10000000,4,393,2.39,3.59,Troll Face Quest: TV Shows,10000000.0,4.49,393.0,2.39,3.59
0,None,0.0,0.0,0.0,0.0,King of Thieves,10000000.0,4.272271,2988.0,0.89,209.99,0,,0.0,0.0,0.0,0.0,0,,0.0,0.0,0.0,0.0,[],King of Thieves,10000000.0,4,2988,0.89,209.99,King of Thieves,10000000.0,4.272271,2988.0,0.89,209.99
Rumble Hockey,1000000,3.7380953,12.0,1.09,104.99,0,,0.0,0.0,0.0,0.0,0,,0.0,0.0,0.0,0.0,0,,0.0,0.0,0.0,0.0,Rumble Hockey,Rumble Hockey,1000000,3,12,1.09,104.99,0,,0.0,0.0,0.0,0.0
0,None,0.0,0.0,0.0,0.0,The Arcade Rabbit,10000.0,0.0,0.0,0.99,4.19,0,,0.0,0.0,0.0,0.0,The Arcade Rabbit,10000.0,0.0,0.0,0.99,4.19,[],The Arcade Rabbit,10000.0,0,0,0.99,4.19,The Arcade Rabbit,10000.0,0.0,0.0,0.99,4.19
Trivia Crack 2,10000000,4.029703,1100.0,1.09,109.99,0,,0.0,0.0,0.0,0.0,Trivia Crack 2,10000000.0,4.029703,1100.0,1.09,109.99,0,,0.0,0.0,0.0,0.0,Trivia Crack 2,Trivia Crack 2,10000000,4,1100,1.09,109.99,Trivia Crack 2,10000000.0,4.029703,1100.0,1.09,109.99
0,None,0.0,0.0,0.0,0.0,0,,0.0,0.0,0.0,0.0,0,,0.0,0.0,0.0,0.0,0,,0.0,0.0,0.0,0.0,[],Cover Orange,0,0,102,0.79,2.49,Cover Orange,1000000.0,4.64,102.0,0.79,2.49
0,None,0.0,0.0,0.0,0.0,0,,0.0,0.0,0.0,0.0,0,,0.0,0.0,0.0,0.0,Go Plane,5000000.0,3.82,109.0,3.29,0.0,[],Go Plane,0,3,109,3.29,3.29,Go Plane,5000000.0,3.82,109.0,3.29,0.0
0,None,0.0,0.0,0.0,0.0,Swordigo,10000000.0,4.526549,524.0,1.79,2.39,Swordigo,10000000.0,4.526549,524.0,1.79,2.39,Swordigo,10000000.0,4.526549,524.0,1.79,2.39,[],Swordigo,10000000.0,4,524,1.79,2.39,0,,0.0,0.0,0.0,0.0
0,None,0.0,0.0,0.0,0.0,Sling Kong,10000000.0,4.4083695,3473.0,0.99,19.99,Sling Kong,10000000.0,4.4083695,3473.0,0.99,19.99,0,,0.0,0.0,0.0,0.0,[],Sling Kong,10000000.0,4,3473,0.99,19.99,0,,0.0,0.0,0.0,0.0
Zombie Harvest,10000000,4.06,37.0,0.89,17.99,0,,0.0,0.0,0.0,0.0,0,,0.0,0.0,0.0,0.0,0,,0.0,0.0,0.0,0.0,Zombie Harvest,Zombie Harvest,10000000,4,37,0.89,17.99,Zombie Harvest,10000000.0,4.06,37.0,0.89,17.99
Crazy Dino Park,10000000,4.6380367,712.0,1.09,104.99,0,,0.0,0.0,0.0,0.0,0,,0.0,0.0,0.0,0.0,0,,0.0,0.0,0.0,0.0,Crazy Dino Park,Crazy Dino Park,10000000,4,712,1.09,104.99,Crazy Dino Park,10000000.0,4.6380367,712.0,1.09,104.99
0,None,0.0,0.0,0.0,0.0,Angry Birds Journey,5000000.0,4.4666667,126.0,0.99,99.99,Angry Birds Journey,5000000.0,4.4666667,126.0,0.99,99.99,Angry Birds Journey,5000000.0,4.4666667,126.0,0.99,99.99,[],Angry Birds Journey,5000000.0,4,126,0.99,99.99,0,,0.0,0.0,0.0,0.0
0,None,0.0,0.0,0.0,0.0,Spartan Firefight,1000000.0,4.4473686,24.0,2.29,20.99,0,,0.0,0.0,0.0,0.0,0,,0.0,0.0,0.0,0.0,[],Spartan Firefight,1000000.0,4,24,2.29,20.99,Spartan Firefight,1000000.0,4.4473686,24.0,2.29,20.99
0,None,0.0,0.0,0.0,0.0,Mad Bullets: The Rail Shooter Arcade Game,1000000.0,4.07,127.0,1.09,44.99,0,,0.0,0.0,0.0,0.0,Mad Bullets: The Rail Shooter Arcade Game,1000000.0,4.07,127.0,1.09,44.99,[],Mad Bullets: The Rail Shooter Arcade Game,1000000.0,4,127,1.09,44.99,Mad Bullets: The Rail Shooter Arcade Game,1000000.0,4.07,127.0,1.09,44.99
0,None,0.0,0.0,0.0,0.0,0,,0.0,0.0,0.0,0.0,Diamond Quest: Don't Rush!,10000000.0,4.372549,108.0,1.09,109.99,Diamond Quest: Don't Rush!,10000000.0,4.372549,108.0,1.09,109.99,[],Diamond Quest: Don't Rush!,0,4,108,1.09,109.99,Diamond Quest: Don't Rush!,10000000.0,4.372549,108.0,1.09,109.99
0,None,0.0,0.0,0.0,0.0,Disneyland® Paris,1000000.0,3.5263157,435.0,0.0,0.0,Disneyland® Paris,1000000.0,3.5263157,435.0,0.0,0.0,Disneyland® Paris,1000000.0,3.5263157,435.0,0.0,0.0,[],Disneyland® Paris,1000000.0,3,435,0.0,0.0,Disneyland® Paris,1000000.0,3.5263157,435.0,0.0,0.0
0,None,0.0,0.0,0.0,0.0,Benji Bananas Adventures,10000000.0,4.346847,1024.0,0.89,0.0,Benji Bananas Adventures,10000000.0,4.346847,1024.0,0.89,0.0,Benji Bananas Adventures,10000000.0,4.346847,1024.0,0.89,0.0,[],Benji Bananas Adventures,10000000.0,4,1024,0.89,0.89,0,,0.0,0.0,0.0,0.0
0,None,0.0,0.0,0.0,0.0,0,,0.0,0.0,0.0,0.0,0,,0.0,0.0,0.0,0.0,MUBI — Hand-picked Films,1000000.0,4.34,65.0,0.72,95.88,[],MUBI — Hand-picked Films,0,4,65,0.72,95.88,MUBI — Hand-picked Films,1000000.0,4.34,65.0,0.72,95.88
Walk Master,10000000,4.31,166.0,0.99,4.99,Walk Master,10000000.0,4.31,166.0,0.99,4.99,Walk Master,10000000.0,4.31,166.0,0.99,4.99,Walk Master,10000000.0,4.31,166.0,0.99,4.99,Walk Master,Walk Master,10000000,4,166,0.99,4.99,Walk Master,10000000.0,4.31,166.0,0.99,4.99
Looney Tunes™ World of Mayhem,10000000,4.3168316,850.0,0.79,323.79,Looney Tunes™ World of Mayhem,10000000.0,4.3168316,850.0,0.79,323.79,Looney Tunes™ World of Mayhem,10000000.0,4.3168316,850.0,0.79,323.79,0,,0.0,0.0,0.0,0.0,Looney Tunes™ World of Mayhem,Looney Tunes™ World of Mayhem,10000000,4,850,0.79,323.79,Looney Tunes™ World of Mayhem,10000000.0,4.3168316,850.0,0.79,323.79
Dumb Ways JR Madcap's Plane,1000,0.0,0.0,0.0,0.0,Dumb Ways JR Madcap's Plane,1000.0,0.0,0.0,0.0,0.0,0,,0.0,0.0,0.0,0.0,0,,0.0,0.0,0.0,0.0,Dumb Ways JR Madcap's Plane,Dumb Ways JR Madcap's Plane,1000,0,0,0.0,0.0,0,,0.0,0.0,0.0,0.0
Linedoku - Logic Puzzle Games,5000000,4.28,107.0,1.19,23.99,0,,0.0,0.0,0.0,0.0,Linedoku - Logic Puzzle Games,5000000.0,4.28,107.0,1.19,23.99,Linedoku - Logic Puzzle Games,5000000.0,4.28,107.0,1.19,23.99,Linedoku - Logic Puzzle Games,Linedoku - Logic Puzzle Games,5000000,4,107,1.19,23.99,0,,0.0,0.0,0.0,0.0
Boom Slingers,1000000,4.04,168.0,1.29,23.99,Boom Slingers,1000000.0,4.04,168.0,1.29,23.99,Boom Slingers,1000000.0,4.04,168.0,1.29,23.99,Boom Slingers,1000000.0,4.04,168.0,1.29,23.99,Boom Slingers,Boom Slingers,1000000,4,168,1.29,23.99,Boom Slingers,1000000.0,4.04,168.0,1.29,23.99
Blackmoor 2: Action Platformer,1000000,4.01,53.0,0.89,4.49,0,,0.0,0.0,0.0,0.0,0,,0.0,0.0,0.0,0.0,0,,0.0,0.0,0.0,0.0,Blackmoor 2: Action Platformer,Blackmoor 2: Action Platformer,1000000,4,53,0.89,4.49,0,,0.0,0.0,0.0,0.0
Apple Knight: Action Platformer,5000000,4.56,116.0,1.09,49.99,0,,0.0,0.0,0.0,0.0,0,,0.0,0.0,0.0,0.0,0,,0.0,0.0,0.0,0.0,Apple Knight: Action Platformer,Apple Knight: Action Platformer,5000000,4,116,1.09,49.99,0,,0.0,0.0,0.0,0.0
Go Escape!,10000000,4.140496,713.0,3.19,0.0,0,,0.0,0.0,0.0,0.0,0,,0.0,0.0,0.0,0.0,Go Escape!,10000000.0,4.140496,713.0,3.19,0.0,Go Escape!,Go Escape!,10000000,4,713,3.19,3.19,Go Escape!,10000000.0,4.140496,713.0,3.19,0.0
0,None,0.0,0.0,0.0,0.0,0,,0.0,0.0,0.0,0.0,0,,0.0,0.0,0.0,0.0,SNOW BROS. classic,5000000.0,3.8666666,4.0,2.99,99.99,[],SNOW BROS. classic,0,3,4,2.99,99.99,0,,0.0,0.0,0.0,0.0
0,None,0.0,0.0,0.0,0.0,0,,0.0,0.0,0.0,0.0,0,,0.0,0.0,0.0,0.0,Mind games - Offline games,100000.0,0.0,0.0,0.59,2.99,[],Mind games - Offline games,0,0,0,0.59,2.99,0,,0.0,0.0,0.0,0.0
0,None,0.0,0.0,0.0,0.0,0,,0.0,0.0,0.0,0.0,Candies 'n Curses,1000000.0,4.5148516,49.0,2.19,21.99,Candies 'n Curses,1000000.0,4.5148516,49.0,2.19,21.99,[],Candies 'n Curses,0,4,49,2.19,21.99,Candies 'n Curses,1000000.0,4.5148516,49.0,2.19,21.99
0,None,0.0,0.0,0.0,0.0,Knife Hit,100000000.0,4.147321,2113.0,2.09,19.99,Knife Hit,100000000.0,4.147321,2113.0,2.09,19.99,Knife Hit,100000000.0,4.147321,2113.0,2.09,19.99,[],Knife Hit,100000000.0,4,2113,2.09,19.99,Knife Hit,100000000.0,4.147321,2113.0,2.09,19.99
0,None,0.0,0.0,0.0,0.0,Super Machino go: world adventure game,10000000.0,4.2,21.0,1.09,21.99,Super Machino go: world adventure game,10000000.0,4.2,21.0,1.09,21.99,Super Machino go: world adventure game,10000000.0,4.2,21.0,1.09,21.99,[],Super Machino go: world adventure game,10000000.0,4,21,1.09,21.99,Super Machino go: world adventure game,10000000.0,4.2,21.0,1.09,21.99
0,None,0.0,0.0,0.0,0.0,Cookies Must Die,1000000.0,4.340206,34.0,1.39,69.99,Cookies Must Die,1000000.0,4.340206,34.0,1.39,69.99,Cookies Must Die,1000000.0,4.340206,34.0,1.39,69.99,[],Cookies Must Die,1000000.0,4,34,1.39,69.99,0,,0.0,0.0,0.0,0.0
Top Run: Retro Pixel Adventure,100000,5.0,5.0,1.09,10.99,Top Run: Retro Pixel Adventure,100000.0,5.0,5.0,1.09,10.99,0,,0.0,0.0,0.0,0.0,Top Run: Retro Pixel Adventure,100000.0,5.0,5.0,1.09,10.99,Top Run: Retro Pixel Adventure,Top Run: Retro Pixel Adventure,100000,5,5,1.09,10.99,0,,0.0,0.0,0.0,0.0
0,None,0.0,0.0,0.0,0.0,hocus.,10000000.0,4.398496,497.0,0.59,0.0,0,,0.0,0.0,0.0,0.0,0,,0.0,0.0,0.0,0.0,[],hocus.,10000000.0,4,497,0.59,0.59,hocus.,10000000.0,4.398496,497.0,0.59,0.0
"MMX Hill Dash 2 – Offroad Truck, Car & Bike Racing",10000000,3.71,233.0,0.99,99.99,0,,0.0,0.0,0.0,0.0,"MMX Hill Dash 2 – Offroad Truck, Car & Bike Racing",10000000.0,3.71,233.0,0.99,99.99,0,,0.0,0.0,0.0,0.0,"MMX Hill Dash 2 – Offroad Truck, Car & Bike Racing","MMX Hill Dash 2 – Offroad Truck, Car & Bike Racing",10000000,3,233,0.99,99.99,"MMX Hill Dash 2 – Offroad Truck, Car & Bike Racing",10000000.0,3.71,233.0,0.99,99.99
Mega Shooter: Infinity Space War (Galaxy Heroes),1000000,4.2222223,5.0,1.99,39.99,Mega Shooter: Infinity Space War (Galaxy Heroes),1000000.0,4.2222223,5.0,1.99,39.99,Mega Shooter: Infinity Space War (Galaxy Heroes),1000000.0,4.2222223,5.0,1.99,39.99,Mega Shooter: Infinity Space War (Galaxy Heroes),1000000.0,4.2222223,5.0,1.99,39.99,Mega Shooter: Infinity Space War (Galaxy Heroes),Mega Shooter: Infinity Space War (Galaxy Heroes),1000000,4,5,1.99,39.99,Mega Shooter: Infinity Space War (Galaxy Heroes),1000000.0,4.2222223,5.0,1.99,39.99
Antarctica 88: Scary Action Adventure Horror Game,5000000,4.3,84.0,0.59,8.99,0,,0.0,0.0,0.0,0.0,Antarctica 88: Scary Action Adventure Horror Game,5000000.0,4.3,84.0,0.59,8.99,Antarctica 88: Scary Action Adventure Horror Game,5000000.0,4.3,84.0,0.59,8.99,Antarctica 88: Scary Action Adventure Horror Game,Antarctica 88: Scary Action Adventure Horror Game,5000000,4,84,0.59,8.99,0,,0.0,0.0,0.0,0.0
Fruit Ninja Classic,1000000,4.25,140.0,0.99,49.99,Fruit Ninja Classic,1000000.0,4.25,140.0,0.99,49.99,0,,0.0,0.0,0.0,0.0,Fruit Ninja Classic,1000000.0,4.25,140.0,0.99,49.99,Fruit Ninja Classic,Fruit Ninja Classic,1000000,4,140,0.99,49.99,0,,0.0,0.0,0.0,0.0
